<?xml version="1.0" encoding="UTF-8"?>
<beans xmlns="http://www.springframework.org/schema/beans"
	xmlns:xsi="http://www.w3.org/2001/XMLSchema-instance"
	xmlns:util="http://www.springframework.org/schema/util"
	xsi:schemaLocation="http://www.springframework.org/schema/beans http://www.springframework.org/schema/beans/spring-beans.xsd
		http://www.springframework.org/schema/util http://www.springframework.org/schema/util/spring-util-4.3.xsd">

	<bean class="demo.service.Service" name="service">
		<constructor-arg ref="repo" />
	</bean>
	<bean class="demo.repo.Repo" name="repo">
		<constructor-arg ref="some">
		</constructor-arg>
	</bean>
	<util:map key-type="String" value-type="demo.beens.Customer"
		id="some">
	</util:map>

</beans>
