<?xml version="1.0" encoding="UTF-8"?>
<beans xmlns="http://www.springframework.org/schema/beans"
	xmlns:xsi="http://www.w3.org/2001/XMLSchema-instance"
	xmlns:context="http://www.springframework.org/schema/context"
	xmlns:int-stream="http://www.springframework.org/schema/integration/stream"
	xmlns:int="http://www.springframework.org/schema/integration"
	xmlns:int-file="http://www.springframework.org/schema/integration/file"
	xsi:schemaLocation="http://www.springframework.org/schema/beans http://www.springframework.org/schema/beans/spring-beans.xsd
		http://www.springframework.org/schema/context http://www.springframework.org/schema/context/spring-context-4.2.xsd
		http://www.springframework.org/schema/integration http://www.springframework.org/schema/integration/spring-integration-4.2.xsd
		http://www.springframework.org/schema/integration/file http://www.springframework.org/schema/integration/file/spring-integration-file.xsd
		http://www.springframework.org/schema/integration/stream http://www.springframework.org/schema/integration/stream/spring-integration-stream.xsd">

<context:annotation-config/>
<context:component-scan base-package="com"></context:component-scan>

<int:channel id="msgChannel"></int:channel>
   <int:service-activator input-channel="msgChannel" ref="msgService" output-channel="msgChannelB2C">
</int:service-activator>

<int:channel id="msgChannelB2C"></int:channel>
  <int:service-activator input-channel="msgChannelB2C" ref="msgServiceB2C" >
</int:service-activator>

<!-- for queue -->
<int:channel id="queueChannel">
	<int:queue capacity="5"/>
</int:channel>
	
	<!-- removing for message bridge implementation -->
<int:service-activator input-channel="queueChannel" ref="queueService">
		<int:poller fixed-delay="500" />
</int:service-activator>


<!-- priority channel -->
<int:channel id="PriorityChannel">
	<int:priority-queue capacity="5"/>
</int:channel>

<int:service-activator input-channel="PriorityChannel" ref="PriorityService"/>
<int:poller default="true" fixed-delay="20"/>

<!-- rendezvous channel -->
<int:channel id="rzendChannel">	
	<int:rendezvous-queue/>
</int:channel>

<int:service-activator input-channel="rzendChannel" ref="rzendMsgServ"/>  

<!-- pubSub channel -->
<int:publish-subscribe-channel id="pubSubChannel"/>
 <int:publish-subscribe-channel id="pubSubBridgeChannel"/> 
  
  <!-- MessageBridge -->
<int:bridge input-channel="pubSubBridgeChannel" output-channel="queueChannel" />
  <int:service-activator input-channel="queueChannel" ref="pubSubdMsgServ"/>


<!-- Gateway implementation -->
<int:gateway id="gateway" default-request-channel="queueChannel" service-interface="com.Interface.MessageGateway"/>


<!--  Asynchronous Gateway Implementation -->
<int:gateway id="gateway" default-request-channel="queueChannel" service-interface="com.Interface.MessageGateway"/>


<!-- transformer implementation -->
<!--int:object-to-map-transformer input-channel="custChannel" output-channel="stdout"></int:object-to-map-transformer-->

<!-- File reading using adapters -->

<int:channel id="fileChannel"/>

<int-file:inbound-channel-adapter id="fileAdapter" directory="D:/Users/sudevi/Downloads/JsonData/" channel="fileChannel">
    <int:poller fixed-delay="500"/>
</int-file:inbound-channel-adapter>

<int:service-activator input-channel="fileChannel" output-channel="processedfileChannel" ref="fileService"/>
<int-stream:stdout-channel-adapter id="fileChannel" />

<int:channel id="processedfileChannel"/>

</beans>
