<?xml version="1.0" encoding="UTF-8"?>
<beans xmlns="http://www.springframework.org/schema/beans"
	xmlns:xsi="http://www.w3.org/2001/XMLSchema-instance" xmlns:util="http://www.springframework.org/schema/util"
	xsi:schemaLocation="http://www.springframework.org/schema/beans http://www.springframework.org/schema/beans/spring-beans.xsd
		http://www.springframework.org/schema/util http://www.springframework.org/schema/util/spring-util-4.3.xsd">


	<bean id="service" class="demo.service.WalletServiceImpl">
		<constructor-arg>
			<bean class="demo.repo.WalletRepoImpl">
				<constructor-arg>
					<util:map map-class="java.util.HashMap">
						<entry key="9850276767">
							<bean class="demo.beans.Customer" />
						</entry>
					</util:map>
				</constructor-arg>
			</bean>
		</constructor-arg>
	</bean>

</beans>
